name,category,price,buttons,details
cloudchaser-mango-e-liquid-60ml-120ml,E-Liquids,$45.00,"0mg/ml, 3mg/ml, 6mg/ml, 60ml","Flavor Profile: Mango| Size: 60ml/120ml| VG/PG: 70/30| The CloudChaser Mango E-Liquid is a tropical delight combining the juicy elements of exotic mangoes and the delicious taste of the tropical fruits. The flavour will be sure to enlighten your taste buds and leave you wanting for more. This is a basic flavour however extremely fruity and makes an awesome throughout the year vape! | | Nicotine Strength: 0mg/ml - 3mg/ml - 6mg/ml| | | Caution:|  Keep out of reach of children or pets.
Wash contact area thoroughly if skin, eye or mouth contact with the substance occurs.
Do not swallow. If taken into the mouth, rinse mouth thoroughly.
Contact 0800 POISON (0800 764 766) for advice if swallowed.
Seek medical advice if you feel unwell after contact with the substance or use of this product. GET FREE SHIPPING ON ORDERS OVER $50.00.| Flavor Profile: Mango

Size: 60ml/120ml

VG/PG: 70/30| The CloudChaser Mango E-Liquid is a tropical delight combining the juicy elements of exotic mangoes and the delicious taste of the tropical fruits. The flavour will be sure to enlighten your taste buds and leave you wanting for more. This is a basic flavour however extremely fruity and makes an awesome throughout the year vape! 

Nicotine Strength: 0mg/ml - 3mg/ml - 6mg/ml

Caution:

Keep out of reach of children or pets.
Wash contact area thoroughly if skin, eye or mouth contact with the substance occurs.
Do not swallow. If taken into the mouth, rinse mouth thoroughly.
Contact 0800 POISON (0800 764 766) for advice if swallowed.
Seek medical advice if you feel unwell after contact with the substance or use of this product."
cloudchaser-apple-doppio-e-liquid-60ml-120ml,E-Liquids,$45.00,"0mg/ml, 3mg/ml, 6mg/ml, 60ml","Previously known as CloudChaser Apple Doppio E-Liquid.| Flavor Profile: Apple | Size: 60ml/120ml| VG/PG: 70/30| | PLEASE NOTE: We are updating the name of our E-liquids to comply with the latest vaping regulations in New Zealand. Please note that while the packaging may appear different, the product ingredients remain unchanged.| | The CloudChaser Apple Doppio E-Liquid brings to you the taste of the delicious and crispy apple. This e-liquid is the combination of everything that is tasty about the apple flavour minus the bitterness. You will definitely enjoy vaping the fresh apple taste! | Nicotine Strength: 0mg/ml - 3mg/ml - 6mg/ml| Caution: Keep out of reach of children or pets. Wash contact area thoroughly if skin, eye or mouth contact with the substance occurs. Do not swallow. If taken into the mouth, rinse mouth thoroughly. Contact 0800 POISON (0800 764 766) for advice if swallowed. Seek medical advice if you feel unwell after contact with the substance or use of this product.  GET FREE SHIPPING ON ORDERS OVER $50.00.| Previously known as CloudChaser Apple Doppio E-Liquid.

Flavor Profile: Apple 

Size: 60ml/120ml

VG/PG: 70/30

PLEASE NOTE: We are updating the name of our E-liquids to comply with the latest vaping regulations in New Zealand. Please note that while the packaging may appear different, the product ingredients remain unchanged.


| The CloudChaser Apple Doppio E-Liquid brings to you the taste of the delicious and crispy apple. This e-liquid is the combination of everything that is tasty about the apple flavour minus the bitterness. You will definitely enjoy vaping the fresh apple taste! 

Nicotine Strength: 0mg/ml - 3mg/ml - 6mg/ml

Caution: Keep out of reach of children or pets. Wash contact area thoroughly if skin, eye or mouth contact with the substance occurs. Do not swallow. If taken into the mouth, rinse mouth thoroughly. Contact 0800 POISON (0800 764 766) for advice if swallowed. Seek medical advice if you feel unwell after contact with the substance or use of this product."
cloudchaser-blue-dagger-e-liquid-60ml-120ml,E-Liquids,$45.00,"0mg/ml, 3mg/ml, 6mg/ml, 60ml","Previously known as Cloudchaser Blue Dagger E-Liquid.| Flavor Profile: Blueberry| Size: 60ml/120ml| VG/PG: 70/30| What can be better than freshly picked sweet blueberries? Now you can enjoy the blueberry taste not only in muffins or fruits, but also in vaping. The CloudChaser Blue Dagger E-Liquid is a must have e-liquid for the summer! | Nicotine Strength: 0mg/ml - 3mg/ml - 6mg/ml| Caution: Keep out of reach of children or pets. Wash contact area thoroughly if skin, eye or mouth contact with the substance occurs. Do not swallow. If taken into the mouth, rinse mouth thoroughly. Contact 0800 POISON (0800 764 766) for advice if swallowed. Seek medical advice if you feel unwell after contact with the substance or use of this product.  GET FREE SHIPPING ON ORDERS OVER $50.00.| Previously known as Cloudchaser Blue Dagger E-Liquid.

Flavor Profile: Blueberry

Size: 60ml/120ml

VG/PG: 70/30| What can be better than freshly picked sweet blueberries? Now you can enjoy the blueberry taste not only in muffins or fruits, but also in vaping. The CloudChaser Blue Dagger E-Liquid is a must have e-liquid for the summer! 

Nicotine Strength: 0mg/ml - 3mg/ml - 6mg/ml

Caution: Keep out of reach of children or pets. Wash contact area thoroughly if skin, eye or mouth contact with the substance occurs. Do not swallow. If taken into the mouth, rinse mouth thoroughly. Contact 0800 POISON (0800 764 766) for advice if swallowed. Seek medical advice if you feel unwell after contact with the substance or use of this product."
cloudchaser-strawberry-e-liquid-60ml-120ml,E-Liquids,$45.00,"0mg/ml, 3mg/ml, 6mg/ml, 60ml","Flavor Profile: Strawberry| Size: 60ml/120ml| VG/PG: 70/30| Let’s fulfil our sweet cravings with this e-liquid which is a creation created from classic childhood treat of the luscious strawberry candy. Imagine the taste of red and fully ripe strawberry bursting out in your mouth, this is a fragrance that cannot be ignored and will definitely fulfil your sweet cravings.| | Nicotine Strength: 0mg/ml - 3mg/ml - 6mg/ml| | | Caution:|  Keep out of reach of children or pets.
Wash contact area thoroughly if skin, eye or mouth contact with the substance occurs.
Do not swallow. If taken into the mouth, rinse mouth thoroughly.
Contact 0800 POISON (0800 764 766) for advice if swallowed.
Seek medical advice if you feel unwell after contact with the substance or use of this product. GET FREE SHIPPING ON ORDERS OVER $50.00.| Flavor Profile: Strawberry

Size: 60ml/120ml

VG/PG: 70/30| Let’s fulfil our sweet cravings with this e-liquid which is a creation created from classic childhood treat of the luscious strawberry candy. Imagine the taste of red and fully ripe strawberry bursting out in your mouth, this is a fragrance that cannot be ignored and will definitely fulfil your sweet cravings.

Nicotine Strength: 0mg/ml - 3mg/ml - 6mg/ml

Caution:

Keep out of reach of children or pets.
Wash contact area thoroughly if skin, eye or mouth contact with the substance occurs.
Do not swallow. If taken into the mouth, rinse mouth thoroughly.
Contact 0800 POISON (0800 764 766) for advice if swallowed.
Seek medical advice if you feel unwell after contact with the substance or use of this product."
cloudchaser-british-mix-e-liquid-60ml-120ml,E-Liquids,$45.00,"0mg/ml, 3mg/ml, 6mg/ml, 60ml","Previously known as CloudChaser British Mix E-liquid.| Flavor Profile: Tobacco| Size: 60ml/120ml| VG/PG: 70/30| | PLEASE NOTE: We are updating the name of our E-liquids to comply with the latest vaping regulations in New Zealand. Please note that while the packaging may appear different, the product ingredients remain unchanged.| | The CloudChaser British Mix is perfect for ex-smokers who doesn’t want to give up the rich tobacco taste. This e-liquid will allow you to enjoy the tobacco taste that you crave for in vaping and is a better alternative to smoking for your health.| Nicotine Strength: 0mg/ml - 3mg/ml - 6mg/ml| Caution: Keep out of reach of children or pets. Wash contact area thoroughly if skin, eye or mouth contact with the substance occurs. Do not swallow. If taken into the mouth, rinse mouth thoroughly. Contact 0800 POISON (0800 764 766) for advice if swallowed. Seek medical advice if you feel unwell after contact with the substance or use of this product.  GET FREE SHIPPING ON ORDERS OVER $50.00.| Previously known as CloudChaser British Mix E-liquid.

Flavor Profile: Tobacco

Size: 60ml/120ml

VG/PG: 70/30

PLEASE NOTE: We are updating the name of our E-liquids to comply with the latest vaping regulations in New Zealand. Please note that while the packaging may appear different, the product ingredients remain unchanged.


| The CloudChaser British Mix is perfect for ex-smokers who doesn’t want to give up the rich tobacco taste. This e-liquid will allow you to enjoy the tobacco taste that you crave for in vaping and is a better alternative to smoking for your health.

Nicotine Strength: 0mg/ml - 3mg/ml - 6mg/ml

Caution: Keep out of reach of children or pets. Wash contact area thoroughly if skin, eye or mouth contact with the substance occurs. Do not swallow. If taken into the mouth, rinse mouth thoroughly. Contact 0800 POISON (0800 764 766) for advice if swallowed. Seek medical advice if you feel unwell after contact with the substance or use of this product."
cloudchaser-nothing-but-green-e-liquid-60ml-120ml,E-Liquids,$45.00,"0mg/ml, 3mg/ml, 6mg/ml, 60ml","Previously known as Cloudchaser Nothing But Green E-Liquid.| Flavor Profile: Peppermint| Size: 60ml/120ml| VG/PG: 70/30| Giving off a cool and refreshing taste and smell, that is what you can expect from the CloudChaser Nothing But Green E-Liquid. The peppermint flavour will for sure enlighten your taste buds and have your craving for more. | Nicotine Strength: 0mg/ml - 3mg/ml - 6mg/ml| Caution: Keep out of reach of children or pets. Wash contact area thoroughly if skin, eye or mouth contact with the substance occurs. Do not swallow. If taken into the mouth, rinse mouth thoroughly. Contact 0800 POISON (0800 764 766) for advice if swallowed. Seek medical advice if you feel unwell after contact with the substance or use of this product.  GET FREE SHIPPING ON ORDERS OVER $50.00.| Previously known as Cloudchaser Nothing But Green E-Liquid.

Flavor Profile: Peppermint

Size: 60ml/120ml

VG/PG: 70/30| Giving off a cool and refreshing taste and smell, that is what you can expect from the CloudChaser Nothing But Green E-Liquid. The peppermint flavour will for sure enlighten your taste buds and have your craving for more. 

Nicotine Strength: 0mg/ml - 3mg/ml - 6mg/ml

Caution: Keep out of reach of children or pets. Wash contact area thoroughly if skin, eye or mouth contact with the substance occurs. Do not swallow. If taken into the mouth, rinse mouth thoroughly. Contact 0800 POISON (0800 764 766) for advice if swallowed. Seek medical advice if you feel unwell after contact with the substance or use of this product."
cloudchaser-peach-e-liquid-60ml-120ml,E-Liquids,$45.00,"0mg/ml, 3mg/ml, 6mg/ml, 60ml, 120ml","Flavor Profile: Peach| Size: 60ml/120ml| VG/PG: 70/30| The CloudChaser Peach E-Liquid delivers the fragrant of sun-ripened peach. This is a delightful peach flavour, it is sweet, tangy and works great as an all-day vape. There is nothing better than vaping the CloudChaser Peach after a long day of tiring work. This e-liquid will definitely satisfy your cravings for a fruity and good tasting e-liquid. | | Nicotine Strength: 0mg/ml - 3mg/ml - 6mg/ml| | | Caution:|  Keep out of reach of children or pets.
Wash contact area thoroughly if skin, eye or mouth contact with the substance occurs.
Do not swallow. If taken into the mouth, rinse mouth thoroughly.
Contact 0800 POISON (0800 764 766) for advice if swallowed.
Seek medical advice if you feel unwell after contact with the substance or use of this product. GET FREE SHIPPING ON ORDERS OVER $50.00.| Flavor Profile: Peach

Size: 60ml/120ml

VG/PG: 70/30| The CloudChaser Peach E-Liquid delivers the fragrant of sun-ripened peach. This is a delightful peach flavour, it is sweet, tangy and works great as an all-day vape. There is nothing better than vaping the CloudChaser Peach after a long day of tiring work. This e-liquid will definitely satisfy your cravings for a fruity and good tasting e-liquid. 

Nicotine Strength: 0mg/ml - 3mg/ml - 6mg/ml

Caution:

Keep out of reach of children or pets.
Wash contact area thoroughly if skin, eye or mouth contact with the substance occurs.
Do not swallow. If taken into the mouth, rinse mouth thoroughly.
Contact 0800 POISON (0800 764 766) for advice if swallowed.
Seek medical advice if you feel unwell after contact with the substance or use of this product."
cloudchaser-watermelon-e-liquid-60ml-120ml,E-Liquids,$45.00,"0mg/ml, 3mg/ml, 6mg/ml, 60ml, 120ml","Flavor Profile: Watermelon| Size: 60ml/120ml| VG/PG: 70/30| CloudChaser Watermelon E-Liquid will enlighten your taste buds with the tasty and delicious watermelon for an incredible well-balanced vape. This has been a long-term famous flavour here at Shosha. Made considering premium quality, the exquisite and reviving kind of Watermelon e-liquid abandons you feeling extremely satisfied. | | Nicotine Strength: 0mg/ml - 3mg/ml - 6mg/ml| | | Caution:|  Keep out of reach of children or pets.
Wash contact area thoroughly if skin, eye or mouth contact with the substance occurs.
Do not swallow. If taken into the mouth, rinse mouth thoroughly.
Contact 0800 POISON (0800 764 766) for advice if swallowed.
Seek medical advice if you feel unwell after contact with the substance or use of this product. GET FREE SHIPPING ON ORDERS OVER $50.00.| Flavor Profile: Watermelon

Size: 60ml/120ml

VG/PG: 70/30| CloudChaser Watermelon E-Liquid will enlighten your taste buds with the tasty and delicious watermelon for an incredible well-balanced vape. This has been a long-term famous flavour here at Shosha. Made considering premium quality, the exquisite and reviving kind of Watermelon e-liquid abandons you feeling extremely satisfied. 

Nicotine Strength: 0mg/ml - 3mg/ml - 6mg/ml

Caution:

Keep out of reach of children or pets.
Wash contact area thoroughly if skin, eye or mouth contact with the substance occurs.
Do not swallow. If taken into the mouth, rinse mouth thoroughly.
Contact 0800 POISON (0800 764 766) for advice if swallowed.
Seek medical advice if you feel unwell after contact with the substance or use of this product."
crown-vape-cookie-butter-e-liquid-120ml,E-Liquids,$50.00,"3mg/ml, 6mg/ml","Previously known as Crown Vape Cookie Butter E-liquid| Flavor Profile: Cookies Butter, Cream| Size: 120ml| VG/PG: 70/30| | PLEASE NOTE: We are updating the name of our E-liquids to comply with the latest vaping regulations in New Zealand. Please note that while the packaging may appear different, the product ingredients remain unchanged.| | The creamy, dreamy spread that you could eat right out of the jar with a spoon is here in full force! Enjoy the delicious taste of cookie butter spread whenever you want without the worry of packing on the extra calories!| If you dream of this sweet delight on a regular basis but want to avoid all those calories, Cookie Butter vape juice from Crown E-Liquid will make all of your fantasies come true. Cookie Butter E-Liquids tastes exactly like your favourite cookie butter spreads that have a sugary, sweet and satisfyingly flavour profile.| Cookie Butter vape juice is like a present for your sweet tooth. Cookie Butter vape juice tastes exactly like a freshly made cookie butter that is sweet and a little savoury. Each inhalation and exhalation are going to deliver a mouth-watering flavour that satisfies your taste buds| With every inhalation of the Cookie Butter vape juice, it will surely strike your sweet tooth right on impact. That sugary and rich flavour will instantly satiate your palate. As you exhale, the buttery and savoury notes will add complexity to this flavour experience.| If you are looking for that next sweet and savoury vape flavour, then look no further because Cookie Butter by Crown Vape E-Liquid is the one for you!| Nicotine Strength: 0mg/ml - 3mg/ml - 6mg/ml  GET FREE SHIPPING ON ORDERS OVER $50.00.| Previously known as Crown Vape Cookie Butter E-liquid

Flavor Profile: Cookies Butter, Cream

Size: 120ml

VG/PG: 70/30

PLEASE NOTE: We are updating the name of our E-liquids to comply with the latest vaping regulations in New Zealand. Please note that while the packaging may appear different, the product ingredients remain unchanged.


| The creamy, dreamy spread that you could eat right out of the jar with a spoon is here in full force! Enjoy the delicious taste of cookie butter spread whenever you want without the worry of packing on the extra calories!

If you dream of this sweet delight on a regular basis but want to avoid all those calories, Cookie Butter vape juice from Crown E-Liquid will make all of your fantasies come true. Cookie Butter E-Liquids tastes exactly like your favourite cookie butter spreads that have a sugary, sweet and satisfyingly flavour profile.

Cookie Butter vape juice is like a present for your sweet tooth. Cookie Butter vape juice tastes exactly like a freshly made cookie butter that is sweet and a little savoury. Each inhalation and exhalation are going to deliver a mouth-watering flavour that satisfies your taste buds

With every inhalation of the Cookie Butter vape juice, it will surely strike your sweet tooth right on impact. That sugary and rich flavour will instantly satiate your palate. As you exhale, the buttery and savoury notes will add complexity to this flavour experience.

If you are looking for that next sweet and savoury vape flavour, then look no further because Cookie Butter by Crown Vape E-Liquid is the one for you!

Nicotine Strength: 0mg/ml - 3mg/ml - 6mg/ml

Caution: Keep out of reach of children or pets. Wash contact area thoroughly if skin, eye or mouth contact with the substance occurs. Do not swallow. If taken into the mouth, rinse mouth thoroughly. Contact 0800 POISON (0800 764 766) for advice if swallowed. Seek medical advice if you feel unwell after contact with the substance or use of this product."
crown-vape-cran-apple-e-liquid-120ml,E-Liquids,$50.00,"0mg/ml, 3mg/ml, 6mg/ml","Previously known as Crown Vape Cran Apple E-liquid.| Flavor Profile: Apple, Cranberries| Size: 120ml| VG/PG: 70/30| | PLEASE NOTE: We are updating the name of our E-liquids to comply with the latest vaping regulations in New Zealand. Please note that while the packaging may appear different, the product ingredients remain unchanged.| | Crown Vape Cran Apple E-Liquid 120ml vape juice that has a wonderful magical flavour combination of sweet apples and tart cranberries. On a hot day, there’s nothing quite like a nice, cold glass of cranberry and apple juice to refresh yourself and quench our thirst. Cran Apple E-Liquid has a refreshing taste over and over again.| With every inhale of Cran Apple E-Liquid, your tongue will wake up instantly thanks to the sour zing of fresh cranberries. As the flavour develops, the sweeter notes of the cranberries will start to emerge. The soothing taste of crisp apples will balance out the tartness on every exhale. Now, fruit fanatics can indulge in this incredibly well-balanced flavour for hours on end.| If sweet and sour fruit flavours dazzle your taste buds, Cran Apple by Crown E-Liquid is a flavour that you absolutely must try. The nostalgic fruity flavour of Cran Apple will satisfy and awaken your taste buds on impact and quench your thirst just like a glass of freshly-squeezed juice on a warm day. A smooth all day vape awaits you when you are vaping Cran Apple.| Nicotine Strength: 0mg/ml - 3mg/ml - 6mg/ml  GET FREE SHIPPING ON ORDERS OVER $50.00.| Previously known as Crown Vape Cran Apple E-liquid.

Flavor Profile: Apple, Cranberries

Size: 120ml

VG/PG: 70/30

PLEASE NOTE: We are updating the name of our E-liquids to comply with the latest vaping regulations in New Zealand. Please note that while the packaging may appear different, the product ingredients remain unchanged.


| Crown Vape Cran Apple E-Liquid 120ml vape juice that has a wonderful magical flavour combination of sweet apples and tart cranberries. On a hot day, there’s nothing quite like a nice, cold glass of cranberry and apple juice to refresh yourself and quench our thirst. Cran Apple E-Liquid has a refreshing taste over and over again.

With every inhale of Cran Apple E-Liquid, your tongue will wake up instantly thanks to the sour zing of fresh cranberries. As the flavour develops, the sweeter notes of the cranberries will start to emerge. The soothing taste of crisp apples will balance out the tartness on every exhale. Now, fruit fanatics can indulge in this incredibly well-balanced flavour for hours on end.

If sweet and sour fruit flavours dazzle your taste buds, Cran Apple by Crown E-Liquid is a flavour that you absolutely must try. The nostalgic fruity flavour of Cran Apple will satisfy and awaken your taste buds on impact and quench your thirst just like a glass of freshly-squeezed juice on a warm day. A smooth all day vape awaits you when you are vaping Cran Apple.

Nicotine Strength: 0mg/ml - 3mg/ml - 6mg/ml

Caution: Keep out of reach of children or pets. Wash contact area thoroughly if skin, eye or mouth contact with the substance occurs. Do not swallow. If taken into the mouth, rinse mouth thoroughly. Contact 0800 POISON (0800 764 766) for advice if swallowed. Seek medical advice if you feel unwell after contact with the substance or use of this product."
crown-vape-glazed-donut-e-liquid-120ml,E-Liquids,$50.00,"0mg/ml, 3mg/ml, 6mg/ml","Previously known as Crown Vape Glazed Donut E-liquid.| Flavor profile: Glazed Donut| Size: 120ml| VG/PG: 70/30| | PLEASE NOTE: We are updating the name of our E-liquids to comply with the latest vaping regulations in New Zealand. Please note that while the packaging may appear different, the product ingredients remain unchanged.| | Crown Vape Glazed Donuts E-Liquid 120ml is a melt-in-your-mouth dessert flavour that tastes exactly like a fluffy, buttery donut that’s dripping with sticky glaze. This no-frills take on a classic sweet treat will leave you feeling satisfied for hours at a time.| With every inhalation, Crown Glazed Donuts E-Liquid surrounds your taste buds with the rich, buttery taste of a freshly-fried donut. A sugary glaze slowly trickles through the mouth, blowing you away with its authentic flavour on every exhale.| Nicotine Strength: 0mg/ml - 3mg/ml - 6mg/ml  GET FREE SHIPPING ON ORDERS OVER $50.00.| Previously known as Crown Vape Glazed Donut E-liquid.

Flavor profile: Glazed Donut

Size: 120ml

VG/PG: 70/30

PLEASE NOTE: We are updating the name of our E-liquids to comply with the latest vaping regulations in New Zealand. Please note that while the packaging may appear different, the product ingredients remain unchanged.


| Crown Vape Glazed Donuts E-Liquid 120ml is a melt-in-your-mouth dessert flavour that tastes exactly like a fluffy, buttery donut that’s dripping with sticky glaze. This no-frills take on a classic sweet treat will leave you feeling satisfied for hours at a time.

With every inhalation, Crown Glazed Donuts E-Liquid surrounds your taste buds with the rich, buttery taste of a freshly-fried donut. A sugary glaze slowly trickles through the mouth, blowing you away with its authentic flavour on every exhale.

Nicotine Strength: 0mg/ml - 3mg/ml - 6mg/ml

Caution: Keep out of reach of children or pets. Wash contact area thoroughly if skin, eye or mouth contact with the substance occurs. Do not swallow. If taken into the mouth, rinse mouth thoroughly. Contact 0800 POISON (0800 764 766) for advice if swallowed. Seek medical advice if you feel unwell after contact with the substance or use of this product."
crown-vape-strawberry-jelly-donut-e-liquid-120ml,E-Liquids,$50.00,"0mg/ml, 3mg/ml, 6mg/ml","Previously known as Crown Vape Strawberry Jelly Donut E-liquid.| Flavor Profile: Strawberry, Donut| Size: 120ml| VG/PG: 70/30| | PLEASE NOTE: We are updating the name of our E-liquids to comply with the latest vaping regulations in New Zealand. Please note that while the packaging may appear different, the product ingredients remain unchanged.| | Crown Vape Strawberry Jelly Donut E-Liquid 120ml is an indulging vape juice flavour that gives you the feeling of biting into a freshly baked donut with strawberry jelly filling. This light and fluffy donut flavour is bursting with strawberry and very noticeable freshly baked pastry taste covered in sweet sugar.| Now you can get your favourite jelly donuts taste without having to visit the coffee shop and avoid those sticky fingers all while enjoying a freshly baked strawberry jam donut via your next all day vape. Each inhalation and exhalation of the Strawberry Jelly Donut vape juice will make your sweet tooth jump for joy while you relive wonderful childhood memories revolving around this delicious pastry.| As you inhale Strawberry Jelly Donut E-Liquid, juicy and sugary strawberry jam flavour will flood your taste buds. Then, the distinctive taste of a fresh donut will delight your senses. A tasty dusting of powdered sugar will make your sweet tooth smile as you exhale. Crown Vape Strawberry Jelly Donut E-Liquid is guaranteed to bring out your inner child while delivering sweet satisfaction to your taste buds.| Nicotine Strength: 0mg/ml - 3mg/ml - 6mg/ml  GET FREE SHIPPING ON ORDERS OVER $50.00.| Previously known as Crown Vape Strawberry Jelly Donut E-liquid.

Flavor Profile: Strawberry, Donut

Size: 120ml

VG/PG: 70/30

PLEASE NOTE: We are updating the name of our E-liquids to comply with the latest vaping regulations in New Zealand. Please note that while the packaging may appear different, the product ingredients remain unchanged.


| Crown Vape Strawberry Jelly Donut E-Liquid 120ml is an indulging vape juice flavour that gives you the feeling of biting into a freshly baked donut with strawberry jelly filling. This light and fluffy donut flavour is bursting with strawberry and very noticeable freshly baked pastry taste covered in sweet sugar.

Now you can get your favourite jelly donuts taste without having to visit the coffee shop and avoid those sticky fingers all while enjoying a freshly baked strawberry jam donut via your next all day vape. Each inhalation and exhalation of the Strawberry Jelly Donut vape juice will make your sweet tooth jump for joy while you relive wonderful childhood memories revolving around this delicious pastry.

As you inhale Strawberry Jelly Donut E-Liquid, juicy and sugary strawberry jam flavour will flood your taste buds. Then, the distinctive taste of a fresh donut will delight your senses. A tasty dusting of powdered sugar will make your sweet tooth smile as you exhale. Crown Vape Strawberry Jelly Donut E-Liquid is guaranteed to bring out your inner child while delivering sweet satisfaction to your taste buds.

Nicotine Strength: 0mg/ml - 3mg/ml - 6mg/ml

Caution: Keep out of reach of children or pets. Wash contact area thoroughly if skin, eye or mouth contact with the substance occurs. Do not swallow. If taken into the mouth, rinse mouth thoroughly. Contact 0800 POISON (0800 764 766) for advice if swallowed. Seek medical advice if you feel unwell after contact with the substance or use of this product."
crown-vape-cran-apple-on-ice-e-liquid-120ml,E-Liquids,$50.00,"0mg/ml, 3mg/ml, 6mg/ml","Previously known as Crown Vape Cran Apple On Ice E-liquid| Flavor Profile: Apple, Cranberry, Ice| Size: 120ml| VG/PG: 70/30| | PLEASE NOTE: We are updating the name of our E-liquids to comply with the latest vaping regulations in New Zealand. Please note that while the packaging may appear different, the product ingredients remain unchanged.| | Crown Vape Cran Apple E-Liquid 120ml vape juice that has a wonderful magical flavour combination of sweet apples and tart cranberries. On a hot day, there’s nothing quite like a nice, cold glass of cranberry and apple juice to refresh yourself and quench our thirst. Cran Apple E-Liquid has a refreshing taste over and over again.| With every inhalation of Cran Apple E-Liquid, your tongue will wake up instantly thanks to the sour zing of fresh cranberries. As the flavour develops, the sweeter notes of the cranberries will start to emerge. The soothing taste of crisp apples will balance out the tartness on every exhalation. Now, fruit fanatics can indulge in this incredibly well-balanced flavour for hours on end.| If sweet and sour fruit flavours dazzle your taste buds, Cran Apple by Crown E-Liquid is a flavour that you absolutely must try. The nostalgic fruity flavour of Cran Apple will satisfy and awaken your taste buds on impact and quench your thirst just like a glass of freshly-squeezed juice on a warm day. A smooth all day vape awaits you when you are vaping Cran Apple.| Nicotine Strength: 0mg/ml - 3mg/ml - 6mg/ml  GET FREE SHIPPING ON ORDERS OVER $50.00.| Previously known as Crown Vape Cran Apple On Ice E-liquid

Flavor Profile: Apple, Cranberry, Ice

Size: 120ml

VG/PG: 70/30

PLEASE NOTE: We are updating the name of our E-liquids to comply with the latest vaping regulations in New Zealand. Please note that while the packaging may appear different, the product ingredients remain unchanged.


| Crown Vape Cran Apple E-Liquid 120ml vape juice that has a wonderful magical flavour combination of sweet apples and tart cranberries. On a hot day, there’s nothing quite like a nice, cold glass of cranberry and apple juice to refresh yourself and quench our thirst. Cran Apple E-Liquid has a refreshing taste over and over again.

With every inhalation of Cran Apple E-Liquid, your tongue will wake up instantly thanks to the sour zing of fresh cranberries. As the flavour develops, the sweeter notes of the cranberries will start to emerge. The soothing taste of crisp apples will balance out the tartness on every exhalation. Now, fruit fanatics can indulge in this incredibly well-balanced flavour for hours on end.

If sweet and sour fruit flavours dazzle your taste buds, Cran Apple by Crown E-Liquid is a flavour that you absolutely must try. The nostalgic fruity flavour of Cran Apple will satisfy and awaken your taste buds on impact and quench your thirst just like a glass of freshly-squeezed juice on a warm day. A smooth all day vape awaits you when you are vaping Cran Apple.

Nicotine Strength: 0mg/ml - 3mg/ml - 6mg/ml

Caution: Keep out of reach of children or pets. Wash contact area thoroughly if skin, eye or mouth contact with the substance occurs. Do not swallow. If taken into the mouth, rinse mouth thoroughly. Contact 0800 POISON (0800 764 766) for advice if swallowed. Seek medical advice if you feel unwell after contact with the substance or use of this product."
elate-vape-apple-sour-cherry-e-liquid-30-50-100ml,E-Liquids,$25.00,"3mg/ml, 6mg/ml, 12mg/ml, 100ml","Previously known as Elate Vape Apple Sour Cherry E-liquid. | This flavour consists of fruity, fragrant and sweet-smelling green apples with sour cherries. Full of juicy crispness blended with a sour twist. If you enjoy sweet and sour, then revel in the taste of Elate Apple Sour Cherry E-Liquid.| Main flavour: Green Apple and Cherry| VG/PG Ratio: 70/30 | | | PLEASE NOTE: We are updating the name of our E-liquids to comply with the latest vaping regulations in New Zealand. Please note that while the packaging may appear different, the product ingredients remain unchanged.|   GET FREE SHIPPING ON ORDERS OVER $50.00.| Previously known as Elate Vape Apple Sour Cherry E-liquid. 

This flavour consists of fruity, fragrant and sweet-smelling green apples with sour cherries. Full of juicy crispness blended with a sour twist. If you enjoy sweet and sour, then revel in the taste of Elate Apple Sour Cherry E-Liquid.

Main flavour: Green Apple and Cherry

VG/PG Ratio: 70/30 

PLEASE NOTE: We are updating the name of our E-liquids to comply with the latest vaping regulations in New Zealand. Please note that while the packaging may appear different, the product ingredients remain unchanged.


| Caution: Keep out of reach of children or pets. Wash contact area thoroughly if skin, eye or mouth contact with the substance occurs. Do not swallow. If taken into the mouth, rinse mouth thoroughly. Contact 0800 POISON (0800 764 766) for advice if swallowed. Seek medical advice if you feel unwell after contact with the substance or use of this product."
elate-vape-pear-mango-ice-cream-e-liquid-30-50-100ml,E-Liquids,$25.00,"3mg/ml, 6mg/ml, 12mg/ml, 100ml","Previously known as Elate Pear Mango Ice E-liquid.| Elate Pear Mango Ice Cream E-liquid a sparkling and sweet pear and wealthy golden mango blend addition with easy delicious ice cream. A mouth-watering crunch of pear, juicy ripened mangoes and sugary ice cream are fused together to formulate a classic all day vape.| Main flavour: Mango Ice Cream, Pear| VG/PG Ratio: 70/30 | | | PLEASE NOTE: We are updating the name of our E-liquids to comply with the latest vaping regulations in New Zealand. Please note that while the packaging may appear different, the product ingredients remain unchanged.|   GET FREE SHIPPING ON ORDERS OVER $50.00.| Previously known as Elate Pear Mango Ice E-liquid.

Elate Pear Mango Ice Cream E-liquid a sparkling and sweet pear and wealthy golden mango blend addition with easy delicious ice cream. A mouth-watering crunch of pear, juicy ripened mangoes and sugary ice cream are fused together to formulate a classic all day vape.

Main flavour: Mango Ice Cream, Pear

VG/PG Ratio: 70/30 

PLEASE NOTE: We are updating the name of our E-liquids to comply with the latest vaping regulations in New Zealand. Please note that while the packaging may appear different, the product ingredients remain unchanged.


| Caution: Keep out of reach of children or pets. Wash contact area thoroughly if skin, eye or mouth contact with the substance occurs. Do not swallow. If taken into the mouth, rinse mouth thoroughly. Contact 0800 POISON (0800 764 766) for advice if swallowed. Seek medical advice if you feel unwell after contact with the substance or use of this product."
elate-vape-butterscotch-e-liquid-30-50-100ml,E-Liquids,$25.00,"3mg/ml, 6mg/ml, 12mg/ml, 100ml","Previously known as Elate Vape Butterscotch E-liquid.| Those wanting to satisfy their sweet tooth, this is the juice that will leave you feeling relished. This is a new Butterscotch recipe blended with chocolate, frozen yogurt and vanilla. This fusion will almost certainly please that sweet tooth.| Main flavour: Butterscotch, Chocolate, Vanilla| VG/PG Ratio: 70/30| | | PLEASE NOTE: We are updating the name of our E-liquids to comply with the latest vaping regulations in New Zealand. Please note that while the packaging may appear different, the product ingredients remain unchanged.|   GET FREE SHIPPING ON ORDERS OVER $50.00.| Previously known as Elate Vape Butterscotch E-liquid.

Those wanting to satisfy their sweet tooth, this is the juice that will leave you feeling relished. This is a new Butterscotch recipe blended with chocolate, frozen yogurt and vanilla. This fusion will almost certainly please that sweet tooth.

Main flavour: Butterscotch, Chocolate, Vanilla

VG/PG Ratio: 70/30

PLEASE NOTE: We are updating the name of our E-liquids to comply with the latest vaping regulations in New Zealand. Please note that while the packaging may appear different, the product ingredients remain unchanged.


| Caution: Keep out of reach of children or pets. Wash contact area thoroughly if skin, eye or mouth contact with the substance occurs. Do not swallow. If taken into the mouth, rinse mouth thoroughly. Contact 0800 POISON (0800 764 766) for advice if swallowed. Seek medical advice if you feel unwell after contact with the substance or use of this product."
elate-vape-berry-mint-mix-e-liquid-30-50-100ml,E-Liquids,$25.00,"3mg/ml, 6mg/ml, 12mg/ml, 100ml","Previously known as Elate Vape Berry Mint Mix E-liquid.| Pure, fresh, and natural fruit juice radiates a solid aroma. The fruit fragrance is accommodated by a chilling mint – a lasting cool. Experience the endless fruity aroma with a cool end.| Main flavour: Berry, Mint| VG/PG Ratio: 70/30| | PLEASE NOTE: We are updating the name of our E-liquids to comply with the latest vaping regulations in New Zealand. Please note that while the packaging may appear different, the product ingredients remain unchanged.|   GET FREE SHIPPING ON ORDERS OVER $50.00.| Previously known as Elate Vape Berry Mint Mix E-liquid.

Pure, fresh, and natural fruit juice radiates a solid aroma. The fruit fragrance is accommodated by a chilling mint – a lasting cool. Experience the endless fruity aroma with a cool end.

Main flavour: Berry, Mint

VG/PG Ratio: 70/30

PLEASE NOTE: We are updating the name of our E-liquids to comply with the latest vaping regulations in New Zealand. Please note that while the packaging may appear different, the product ingredients remain unchanged.


| Caution: Keep out of reach of children or pets. Wash contact area thoroughly if skin, eye or mouth contact with the substance occurs. Do not swallow. If taken into the mouth, rinse mouth thoroughly. Contact 0800 POISON (0800 764 766) for advice if swallowed. Seek medical advice if you feel unwell after contact with the substance or use of this product."
elate-vape-berry-apple-flat-peach-e-liquid-30-50-100ml,E-Liquids,$25.00,"3mg/ml, 6mg/ml, 12mg/ml, 100ml","Previously known as Elate Vape Berry Apple Flat Peach E-liquid.| A mixture of fresh red apples and berries with a peach base that makes your taste buds sweet. The acidity of the fruit and the sweetness in the taste buds combine to create a perfect fusion of fresh red apples and berries. After tasting this, you will surely fall in love with this unique and wonderful feeling.| Main flavour: Red Apple, Peach, Berry| VG/PG Ratio: 70/30 | | |   GET FREE SHIPPING ON ORDERS OVER $50.00.| Previously known as Elate Vape Berry Apple Flat Peach E-liquid.

A mixture of fresh red apples and berries with a peach base that makes your taste buds sweet. The acidity of the fruit and the sweetness in the taste buds combine to create a perfect fusion of fresh red apples and berries. After tasting this, you will surely fall in love with this unique and wonderful feeling.

Main flavour: Red Apple, Peach, Berry

VG/PG Ratio: 70/30 | Caution: Keep out of reach of children or pets. Wash contact area thoroughly if skin, eye or mouth contact with the substance occurs. Do not swallow. If taken into the mouth, rinse mouth thoroughly. Contact 0800 POISON (0800 764 766) for advice if swallowed. Seek medical advice if you feel unwell after contact with the substance or use of this product."
solace-mint-nicotine-salt-e-liquid-30ml,E-Liquids,$30.00,"17.10mg/ml, 28.50mg/ml","Flavor Profile: Mint| Size: 30ml| VG/PG: 50/50 | Rejuvenating crisp mint with a soothing aftertaste. If you love the freshness mint gives off, then this is a must try! | | Nicotine Concentration: 17.10mg/ml - 28.50mg/ml| | | Caution:|  Keep out of reach of children or pets.
Wash contact area thoroughly if skin, eye or mouth contact with the substance occurs.
Do not swallow. If taken into the mouth, rinse mouth thoroughly.
Contact 0800 POISON (0800 764 766) for advice if swallowed.
Seek medical advice if you feel unwell after contact with the substance or use of this product. GET FREE SHIPPING ON ORDERS OVER $50.00.| Flavor Profile: Mint

Size: 30ml

VG/PG: 50/50 | Rejuvenating crisp mint with a soothing aftertaste. If you love the freshness mint gives off, then this is a must try! 

Nicotine Concentration: 17.10mg/ml - 28.50mg/ml

Caution:

Keep out of reach of children or pets.
Wash contact area thoroughly if skin, eye or mouth contact with the substance occurs.
Do not swallow. If taken into the mouth, rinse mouth thoroughly.
Contact 0800 POISON (0800 764 766) for advice if swallowed.
Seek medical advice if you feel unwell after contact with the substance or use of this product."
solace-lemonade-nicotine-salt-e-liquid-30ml,E-Liquids,$30.00,"17.10mg/ml, 28.50mg/ml","Flavor Profile: Lemonade, Strawberry, Kiwi Fruit| Size: 30ml| VG/PG: 50/50 | The SOLACE Lemonade Nicotine Salt E-Liquid is a nostalgic summer blend of your favourite cool lemonade. It gives you the authentic lemonade flavour with a hint of strawberry and kiwi for a complex and refreshing vape. Solace Vapor reimagines this soda classic, adding a nicotine salt twist for a satisfyingly smooth citrus experience.| | Nicotine Concentration: 17.10mg/ml - 28.50mg/ml| | | Caution:|  Keep out of reach of children or pets.
Wash contact area thoroughly if skin, eye or mouth contact with the substance occurs.
Do not swallow. If taken into the mouth, rinse mouth thoroughly.
Contact 0800 POISON (0800 764 766) for advice if swallowed.
Seek medical advice if you feel unwell after contact with the substance or use of this product. GET FREE SHIPPING ON ORDERS OVER $50.00.| Flavor Profile: Lemonade, Strawberry, Kiwi Fruit

Size: 30ml

VG/PG: 50/50 | The SOLACE Lemonade Nicotine Salt E-Liquid is a nostalgic summer blend of your favourite cool lemonade. It gives you the authentic lemonade flavour with a hint of strawberry and kiwi for a complex and refreshing vape. Solace Vapor reimagines this soda classic, adding a nicotine salt twist for a satisfyingly smooth citrus experience.

Nicotine Concentration: 17.10mg/ml - 28.50mg/ml

Caution:

Keep out of reach of children or pets.
Wash contact area thoroughly if skin, eye or mouth contact with the substance occurs.
Do not swallow. If taken into the mouth, rinse mouth thoroughly.
Contact 0800 POISON (0800 764 766) for advice if swallowed.
Seek medical advice if you feel unwell after contact with the substance or use of this product."
elate-vape-bad-blood-e-liquid-30-50-100ml,E-Liquids,$25.00,"3mg/ml, 6mg/ml, 12mg/ml, 100ml","Previously known as Elate Vape Bad Blood E-liquid.| Fresh papaya and honeydew melon with an enticing blend of milk and sweet pomegranate come together to create an aromatic E-Liquid. This seductive taste will leave you feeling extraordinary.| Main flavour: Honeydew Melon, Milk, Pomegranates| VG/PG Ratio: 70/30 | | | PLEASE NOTE: We are updating the name of our E-liquids to comply with the latest vaping regulations in New Zealand. Please note that while the packaging may appear different, the product ingredients remain unchanged.|   GET FREE SHIPPING ON ORDERS OVER $50.00.| Previously known as Elate Vape Bad Blood E-liquid.

Fresh papaya and honeydew melon with an enticing blend of milk and sweet pomegranate come together to create an aromatic E-Liquid. This seductive taste will leave you feeling extraordinary.

Main flavour: Honeydew Melon, Milk, Pomegranates

VG/PG Ratio: 70/30 

PLEASE NOTE: We are updating the name of our E-liquids to comply with the latest vaping regulations in New Zealand. Please note that while the packaging may appear different, the product ingredients remain unchanged.


| Caution: Keep out of reach of children or pets. Wash contact area thoroughly if skin, eye or mouth contact with the substance occurs. Do not swallow. If taken into the mouth, rinse mouth thoroughly. Contact 0800 POISON (0800 764 766) for advice if swallowed. Seek medical advice if you feel unwell after contact with the substance or use of this product."
elate-slow-blow-e-liquid-30-50-100ml,E-Liquids,$25.00,"3mg/ml, 6mg/ml, 12mg/ml, 100ml","Previously known as Elate Vape Elate Slow Blow (or Cherry Raspberry) E-Liquid| The flavors of ripe mangoes and sweet watermelon are expertly blended with luscious strawberries and refreshing green tea, creating the ultimate symphony of taste. Don't miss out, give this extraordinary fusion a try today!| Main flavour: Mango, Green Tea, Strawberry, Watermelon| VG/PG Ratio: 70/30| | | | | PLEASE NOTE: We are updating the name of our E-liquids to comply with the latest vaping regulations in New Zealand. Please note that while the packaging may appear different, the product ingredients remain unchanged.|   GET FREE SHIPPING ON ORDERS OVER $50.00.| Previously known as Elate Vape Elate Slow Blow (or Cherry Raspberry) E-Liquid

The flavors of ripe mangoes and sweet watermelon are expertly blended with luscious strawberries and refreshing green tea, creating the ultimate symphony of taste. Don't miss out, give this extraordinary fusion a try today!

Main flavour: Mango, Green Tea, Strawberry, Watermelon

VG/PG Ratio: 70/30

PLEASE NOTE: We are updating the name of our E-liquids to comply with the latest vaping regulations in New Zealand. Please note that while the packaging may appear different, the product ingredients remain unchanged.


| Caution: Keep out of reach of children or pets. Wash contact area thoroughly if skin, eye or mouth contact with the substance occurs. Do not swallow. If taken into the mouth, rinse mouth thoroughly. Contact 0800 POISON (0800 764 766) for advice if swallowed. Seek medical advice if you feel unwell after contact with the substance or use of this product."
solace-black-nicotine-salt-purple-frost-e-liquid-30ml,E-Liquids,$30.00,"14.25mg/ml, 25.65mg/ml","Flavor Profile: Grape, Methol| Size: 30ml| VG/PG: 50/50| The refreshment of icy menthol is paired with the rich sweetness of grapes in the Purple Frost Nicotine Salt E-Liquid from Solace Black! This utterly decadent flavor is sure to delight your senses with its fruity grape flavor blended with crisp menthol. Ready for unparalleled nic salt vaping? | | Nicotine Concentration: 14.25mg/ml - 25.65mg/ml| | | Caution:|  Keep out of reach of children or pets.
Wash contact area thoroughly if skin, eye or mouth contact with the substance occurs.
Do not swallow. If taken into the mouth, rinse mouth thoroughly.
Contact 0800 POISON (0800 764 766) for advice if swallowed.
Seek medical advice if you feel unwell after contact with the substance or use of this product. GET FREE SHIPPING ON ORDERS OVER $50.00.| Flavor Profile: Grape, Methol

Size: 30ml

VG/PG: 50/50| The refreshment of icy menthol is paired with the rich sweetness of grapes in the Purple Frost Nicotine Salt E-Liquid from Solace Black! This utterly decadent flavor is sure to delight your senses with its fruity grape flavor blended with crisp menthol. Ready for unparalleled nic salt vaping? 

Nicotine Concentration: 14.25mg/ml - 25.65mg/ml

Caution:

Keep out of reach of children or pets.
Wash contact area thoroughly if skin, eye or mouth contact with the substance occurs.
Do not swallow. If taken into the mouth, rinse mouth thoroughly.
Contact 0800 POISON (0800 764 766) for advice if swallowed.
Seek medical advice if you feel unwell after contact with the substance or use of this product."
solace-black-nicotine-salt-sea-salt-blueberry-e-liquid-30ml,E-Liquids,$30.00,"14.25mg/ml, 25.65mg/ml","Flavor Profile: Blueberry| Size: 30ml| VG/PG: 50/50| Sea Salt Blueberry by SOLACE Black Salts is a rendition of old-timey salt water confectionary chews, combining chewy salt water confectionaries with a sweet blast of bursting blueberries that is sure to pull the taste buds in for another taste.| | Nicotine Concentration: 14.25mg/ml - 25.65mg/ml| | | Caution:|  Keep out of reach of children or pets.
Wash contact area thoroughly if skin, eye or mouth contact with the substance occurs.
Do not swallow. If taken into the mouth, rinse mouth thoroughly.
Contact 0800 POISON (0800 764 766) for advice if swallowed.
Seek medical advice if you feel unwell after contact with the substance or use of this product. GET FREE SHIPPING ON ORDERS OVER $50.00.| Flavor Profile: Blueberry

Size: 30ml

VG/PG: 50/50| Sea Salt Blueberry by SOLACE Black Salts is a rendition of old-timey salt water confectionary chews, combining chewy salt water confectionaries with a sweet blast of bursting blueberries that is sure to pull the taste buds in for another taste.

Nicotine Concentration: 14.25mg/ml - 25.65mg/ml

Caution:

Keep out of reach of children or pets.
Wash contact area thoroughly if skin, eye or mouth contact with the substance occurs.
Do not swallow. If taken into the mouth, rinse mouth thoroughly.
Contact 0800 POISON (0800 764 766) for advice if swallowed.
Seek medical advice if you feel unwell after contact with the substance or use of this product."
solace-black-nicotine-salt-tropical-freeze-e-liquid-30ml,E-Liquids,$30.00,14.25mg/ml,"Flavor Profile: Apple, Watermelon, Menthol| Size: 30ml| VG/PG: 50/50| Tropical Freeze by SOLACE Black Salts is a mentholated fruity vape combining elements of crisp green apples, luscious watermelons, and a frosty gust of menthol for a perfectly balanced vape that will uplift the senses.| | Nicotine Concentration: 14.25mg/ml - 25.65mg/ml| | | Caution:|  Keep out of reach of children or pets.
Wash contact area thoroughly if skin, eye or mouth contact with the substance occurs.
Do not swallow. If taken into the mouth, rinse mouth thoroughly.
Contact 0800 POISON (0800 764 766) for advice if swallowed.
Seek medical advice if you feel unwell after contact with the substance or use of this product. GET FREE SHIPPING ON ORDERS OVER $50.00.| Flavor Profile: Apple, Watermelon, Menthol

Size: 30ml

VG/PG: 50/50| Tropical Freeze by SOLACE Black Salts is a mentholated fruity vape combining elements of crisp green apples, luscious watermelons, and a frosty gust of menthol for a perfectly balanced vape that will uplift the senses.

Nicotine Concentration: 14.25mg/ml - 25.65mg/ml

Caution:

Keep out of reach of children or pets.
Wash contact area thoroughly if skin, eye or mouth contact with the substance occurs.
Do not swallow. If taken into the mouth, rinse mouth thoroughly.
Contact 0800 POISON (0800 764 766) for advice if swallowed.
Seek medical advice if you feel unwell after contact with the substance or use of this product."
ev-grizzly-e-liquid-60ml,E-Liquids,$35.00,"0mg/ml, 3mg/ml, 6mg/ml","Previously known as Electric Vape Grizzly E-liquid| Flavor Profile: Mint, Honeydew, Berry, Kiwi| Size: 60mL| VG/PG Ratio: 70/30 | A distinctive blend of sweet, juicy honeydew melons, tart mixed berries and sugary kiwi, all muddled with fresh crushed mint. Fantastic ties of the flavours in Grizzly by Electric Vape NZ E-Liquid will leave you feeling refreshed and ready for the day!| Nicotine Strength: 0mg/ml - 3mg/ml - 6mg/ml  GET FREE SHIPPING ON ORDERS OVER $50.00.| Previously known as Electric Vape Grizzly E-liquid

Flavor Profile: Mint, Honeydew, Berry, Kiwi

Size: 60mL

VG/PG Ratio: 70/30 | A distinctive blend of sweet, juicy honeydew melons, tart mixed berries and sugary kiwi, all muddled with fresh crushed mint. Fantastic ties of the flavours in Grizzly by Electric Vape NZ E-Liquid will leave you feeling refreshed and ready for the day!

Nicotine Strength: 0mg/ml - 3mg/ml - 6mg/ml

Caution: Keep out of reach of children or pets. Wash contact area thoroughly if skin, eye or mouth contact with the substance occurs. Do not swallow. If taken into the mouth, rinse mouth thoroughly. Contact 0800 POISON (0800 764 766) for advice if swallowed. Seek medical advice if you feel unwell after contact with the substance or use of this product."
ev-strappin-e-liquid-60ml,E-Liquids,$35.00,"0mg/ml, 3mg/ml, 6mg/ml","Previously known as Electric Vape Strappin E-liquid| Flavor Profile: Fuji Apple, Strawberry, Nectarine| Size: 60mL| VG/PG Ratio: 80/20 | Strappin by Electric Vape NZ E-Liquid is a glorious candy flavour! Crisp Fuji apples mingled with sun-kissed strawberries and juicy nectarines feature a delectable blend of flavours for your wildest fruit thirst!| Nicotine Strength: 0mg/ml - 3mg/ml - 6mg/ml  GET FREE SHIPPING ON ORDERS OVER $50.00.| Previously known as Electric Vape Strappin E-liquid

Flavor Profile: Fuji Apple, Strawberry, Nectarine

Size: 60mL

VG/PG Ratio: 80/20 | Strappin by Electric Vape NZ E-Liquid is a glorious candy flavour! Crisp Fuji apples mingled with sun-kissed strawberries and juicy nectarines feature a delectable blend of flavours for your wildest fruit thirst!

Nicotine Strength: 0mg/ml - 3mg/ml - 6mg/ml

Caution: Keep out of reach of children or pets. Wash contact area thoroughly if skin, eye or mouth contact with the substance occurs. Do not swallow. If taken into the mouth, rinse mouth thoroughly. Contact 0800 POISON (0800 764 766) for advice if swallowed. Seek medical advice if you feel unwell after contact with the substance or use of this product."
lawless-lil-akl-chilled-nicotine-salt-30ml,E-Liquids,$35.00,"19.95mg/ml, 28.50mg/ml","Flavor Profile: Strawberry, Watermelon, Menthol| Size: 30ML| Nicotine Strength (VG/PG):| Every hit will deliver a carefully blended mix of sweet watermelons, ripe strawberries, and a cool menthol to leave you with a refreshing finish. When you vape Lil Akl Chilled after a long day, you’ll appreciate the little things in life. Kick your feet up, sit back, vape, and enjoy.| Nicotine Concentration: 19.95mg/ml - 28.50mg/ml 35mg/ml: 55/45
50mg/ml: 50/50 GET FREE SHIPPING ON ORDERS OVER $50.00.| Flavor Profile: Strawberry, Watermelon, Menthol

Size: 30ML

Nicotine Strength (VG/PG):

35mg/ml: 55/45
50mg/ml: 50/50| Every hit will deliver a carefully blended mix of sweet watermelons, ripe strawberries, and a cool menthol to leave you with a refreshing finish. When you vape Lil Akl Chilled after a long day, you’ll appreciate the little things in life. Kick your feet up, sit back, vape, and enjoy.

Nicotine Concentration: 19.95mg/ml - 28.50mg/ml

Caution: Keep out of reach of children or pets. Wash contact area thoroughly if skin, eye or mouth contact with the substance occurs. Do not swallow. If taken into the mouth, rinse mouth thoroughly. Contact 0800 POISON (0800 764 766) for advice if swallowed. Seek medical advice if you feel unwell after contact with the substance or use of this product."
ev-vampire-blood-e-liquid-60ml,E-Liquids,$35.00,"0mg/ml, 3mg/ml, 6mg/ml","Previously known as Electric Vape Vampire Blood E-liquid | Flavor Profile: Strawberry, Guava, Jackfruit| Size: 60mL| VG/PG Ratio: 70/30| Vampire Blood by Electric Vape NZ puts an adventurous twist on the homely strawberry e juice blend with the sensational guava and luscious jack fruit. If you are a fan of fruit-flavoured e-juice, you must try this exclusive combination of the tastiest fruits on earth!| Nicotine Strength: 0mg/ml - 3mg/ml - 6mg/ml  GET FREE SHIPPING ON ORDERS OVER $50.00.| Previously known as Electric Vape Vampire Blood E-liquid 

Flavor Profile: Strawberry, Guava, Jackfruit

Size: 60mL

VG/PG Ratio: 70/30| Vampire Blood by Electric Vape NZ puts an adventurous twist on the homely strawberry e juice blend with the sensational guava and luscious jack fruit. If you are a fan of fruit-flavoured e-juice, you must try this exclusive combination of the tastiest fruits on earth!

Nicotine Strength: 0mg/ml - 3mg/ml - 6mg/ml

Caution: Keep out of reach of children or pets. Wash contact area thoroughly if skin, eye or mouth contact with the substance occurs. Do not swallow. If taken into the mouth, rinse mouth thoroughly. Contact 0800 POISON (0800 764 766) for advice if swallowed. Seek medical advice if you feel unwell after contact with the substance or use of this product."
juicy-planet-earth-e-liquid-60ml,E-Liquids,$25.00,"0mg/ml, 3mg/ml, 6mg/ml","Previously known as Juicy Planet Earth E-Liquid.| Flavor Profile: Blackcurrant, Lemonade, Mint| Size: 60ml| VG/PG: 60/40| | PLEASE NOTE: We are updating the name of our E-liquids to comply with the latest vaping regulations in New Zealand. Please note that while the packaging may appear different, the product ingredients remain unchanged.| | Burst your taste buds with an immensely flavourful blend of fresh lemonade and zesty blackcurrant, all muddled with a fresh crushed menthol hint. A perfect all day vape juice that will refresh your mind from the first puff to the last!| Nicotine Strength: 0mg/ml - 3mg/ml - 6mg/ml  GET FREE SHIPPING ON ORDERS OVER $50.00.| Previously known as Juicy Planet Earth E-Liquid.

Flavor Profile: Blackcurrant, Lemonade, Mint

Size: 60ml

VG/PG: 60/40

PLEASE NOTE: We are updating the name of our E-liquids to comply with the latest vaping regulations in New Zealand. Please note that while the packaging may appear different, the product ingredients remain unchanged.


| Burst your taste buds with an immensely flavourful blend of fresh lemonade and zesty blackcurrant, all muddled with a fresh crushed menthol hint. A perfect all day vape juice that will refresh your mind from the first puff to the last!

Nicotine Strength: 0mg/ml - 3mg/ml - 6mg/ml

Caution: Keep out of reach of children or pets. Wash contact area thoroughly if skin, eye or mouth contact with the substance occurs. Do not swallow. If taken into the mouth, rinse mouth thoroughly. Contact 0800 POISON (0800 764 766) for advice if swallowed. Seek medical advice if you feel unwell after contact with the substance or use of this product."
juicy-planet-jupiter-e-liquid-60ml,E-Liquids,$25.00,"0mg/ml, 3mg/ml, 6mg/ml","Previously known as Juicy Planet Jupiter E-liquid| Flavor Profile: Mango, Pineapple, Guava| Size: 60ml| VG/PG: 60/40| | PLEASE NOTE: We are updating the name of our E-liquids to comply with the latest vaping regulations in New Zealand. Please note that while the packaging may appear different, the product ingredients remain unchanged.| | Indulge in your fantasies of going to a tropical planet with a delightful combination of ripe mangos, juicy pineapples and tangy guava. Whether you’re relaxing in a hammock or fighting off the winter freeze, this delectable vape juice will give you a vacation all year round!| Nicotine Strength: 0mg/ml - 3mg/ml - 6mg/ml  GET FREE SHIPPING ON ORDERS OVER $50.00.| Previously known as Juicy Planet Jupiter E-liquid

Flavor Profile: Mango, Pineapple, Guava

Size: 60ml

VG/PG: 60/40

PLEASE NOTE: We are updating the name of our E-liquids to comply with the latest vaping regulations in New Zealand. Please note that while the packaging may appear different, the product ingredients remain unchanged.


| Indulge in your fantasies of going to a tropical planet with a delightful combination of ripe mangos, juicy pineapples and tangy guava. Whether you’re relaxing in a hammock or fighting off the winter freeze, this delectable vape juice will give you a vacation all year round!

Nicotine Strength: 0mg/ml - 3mg/ml - 6mg/ml

Caution: Keep out of reach of children or pets. Wash contact area thoroughly if skin, eye or mouth contact with the substance occurs. Do not swallow. If taken into the mouth, rinse mouth thoroughly. Contact 0800 POISON (0800 764 766) for advice if swallowed. Seek medical advice if you feel unwell after contact with the substance or use of this product."
juicy-planet-mercury-e-liquid-60ml,E-Liquids,$25.00,"0mg/ml, 3mg/ml, 6mg/ml","Previously known as Juicy Planet Mercury E-liquid.| Flavor Profile: Passion fruit, Raspberry, Guava| Size: 60ml| VG/PG: 60/40| | PLEASE NOTE: We are updating the name of our E-liquids to comply with the latest vaping regulations in New Zealand. Please note that while the packaging may appear different, the product ingredients remain unchanged.| | Dazzle your taste buds with an exotic mix of luscious passionfruit with bold, freshly picked raspberries and zesty, sweet guavas. A truly flavourful e juice to keep your summer vibes going all year round!| Nicotine Strength: 0mg/ml - 3mg/ml - 6mg/ml  GET FREE SHIPPING ON ORDERS OVER $50.00.| Previously known as Juicy Planet Mercury E-liquid.

Flavor Profile: Passion fruit, Raspberry, Guava

Size: 60ml

VG/PG: 60/40

PLEASE NOTE: We are updating the name of our E-liquids to comply with the latest vaping regulations in New Zealand. Please note that while the packaging may appear different, the product ingredients remain unchanged.


| Dazzle your taste buds with an exotic mix of luscious passionfruit with bold, freshly picked raspberries and zesty, sweet guavas. A truly flavourful e juice to keep your summer vibes going all year round!

Nicotine Strength: 0mg/ml - 3mg/ml - 6mg/ml

Caution: Keep out of reach of children or pets. Wash contact area thoroughly if skin, eye or mouth contact with the substance occurs. Do not swallow. If taken into the mouth, rinse mouth thoroughly. Contact 0800 POISON (0800 764 766) for advice if swallowed. Seek medical advice if you feel unwell after contact with the substance or use of this product."
juicy-planet-mars-e-liquid-60ml,E-Liquids,$25.00,"3mg/ml, 6mg/ml","Previously known as Juicy Planet Mars E-liquid.| Flavor Profile: Lychee, Strawberry, Kiwi| Size: 60ml| VG/PG: 60/40| | PLEASE NOTE: We are updating the name of our E-liquids to comply with the latest vaping regulations in New Zealand. Please note that while the packaging may appear different, the product ingredients remain unchanged.| | Delight your mind with a delectable fruit bowl heaven of juicy sweet lychee, sun-kissed strawberries and freshly-picked ripe kiwis. The authentic tastes of these mouth-watering fruits will take turns smacking your palate, sure to make the taste buds pop!| Nicotine Strength: 0mg/ml - 3mg/ml - 6mg/ml  GET FREE SHIPPING ON ORDERS OVER $50.00.| Previously known as Juicy Planet Mars E-liquid.

Flavor Profile: Lychee, Strawberry, Kiwi

Size: 60ml

VG/PG: 60/40

PLEASE NOTE: We are updating the name of our E-liquids to comply with the latest vaping regulations in New Zealand. Please note that while the packaging may appear different, the product ingredients remain unchanged.


| Delight your mind with a delectable fruit bowl heaven of juicy sweet lychee, sun-kissed strawberries and freshly-picked ripe kiwis. The authentic tastes of these mouth-watering fruits will take turns smacking your palate, sure to make the taste buds pop!

Nicotine Strength: 0mg/ml - 3mg/ml - 6mg/ml

Caution: Keep out of reach of children or pets. Wash contact area thoroughly if skin, eye or mouth contact with the substance occurs. Do not swallow. If taken into the mouth, rinse mouth thoroughly. Contact 0800 POISON (0800 764 766) for advice if swallowed. Seek medical advice if you feel unwell after contact with the substance or use of this product."
lawless-greymouth-shade-e-liquid-120ml,E-Liquids,$60.00,"0mg/ml, 3mg/ml, 6mg/ml, 12mg/ml","Previously known as Lawless Greymouth Shade E-liquid.| Flavor Profile: Pineapple, Mango , Citrus| Size: 120ml| VG/PG: 55/45| | PLEASE NOTE: We are updating the name of our E-liquids to comply with the latest vaping regulations in New Zealand. Please note that while the packaging may appear different, the product ingredients remain unchanged.| | Greymouth Shade E-liquid by Lawless is one of the best citrus, pineapple, and mango vape juice combinations on the market. The unusual blend of these exotic fruit flavours will make a delightful vape hit from inhale to exhale. You will be amazed at how it could feel just as real as biting into a fresh slice of pineapple and mango.| Nicotine Strength: 0mg/ml - 3mg/ml - 6mg/ml - 12mg/ml| Caution: Keep out of reach of children or pets. Wash contact area thoroughly if skin, eye or mouth contact with the substance occurs. Do not swallow. If taken into the mouth, rinse mouth thoroughly. Contact 0800 POISON (0800 764 766) for advice if swallowed. Seek medical advice if you feel unwell after contact with the substance or use of this product.  GET FREE SHIPPING ON ORDERS OVER $50.00.| Previously known as Lawless Greymouth Shade E-liquid.

Flavor Profile: Pineapple, Mango , Citrus

Size: 120ml

VG/PG: 55/45

PLEASE NOTE: We are updating the name of our E-liquids to comply with the latest vaping regulations in New Zealand. Please note that while the packaging may appear different, the product ingredients remain unchanged.


| Greymouth Shade E-liquid by Lawless is one of the best citrus, pineapple, and mango vape juice combinations on the market. The unusual blend of these exotic fruit flavours will make a delightful vape hit from inhale to exhale. You will be amazed at how it could feel just as real as biting into a fresh slice of pineapple and mango.

Nicotine Strength: 0mg/ml - 3mg/ml - 6mg/ml - 12mg/ml

Caution: Keep out of reach of children or pets. Wash contact area thoroughly if skin, eye or mouth contact with the substance occurs. Do not swallow. If taken into the mouth, rinse mouth thoroughly. Contact 0800 POISON (0800 764 766) for advice if swallowed. Seek medical advice if you feel unwell after contact with the substance or use of this product."
lawless-lil-akl-e-liquid-120ml,E-Liquids,$60.00,"0mg/ml, 3mg/ml, 6mg/ml, 12mg/ml","Previously known as Lawless Lil AKL E-liquid.| Flavor Profile: Strawberry, Watermelon | Size: 120ml| VG/PG: 55/45| | PLEASE NOTE: We are updating the name of our E-liquids to comply with the latest vaping regulations in New Zealand. Please note that while the packaging may appear different, the product ingredients remain unchanged.| | Lil AKL E-liquid by Lawless is a fan favourite flavour that delivers a great combination of juicy strawberries and watermelon. Treat yourself with the a delightful mouth-watering vape juice flavour, we guarantee you won't find such unique flavour anywhere else! | Nicotine Strength: 0mg/ml - 3mg/ml - 6mg/ml - 12mg/ml| Caution: Keep out of reach of children or pets. Wash contact area thoroughly if skin, eye or mouth contact with the substance occurs. Do not swallow. If taken into the mouth, rinse mouth thoroughly. Contact 0800 POISON (0800 764 766) for advice if swallowed. Seek medical advice if you feel unwell after contact with the substance or use of this product.  GET FREE SHIPPING ON ORDERS OVER $50.00.| Previously known as Lawless Lil AKL E-liquid.

Flavor Profile: Strawberry, Watermelon 

Size: 120ml

VG/PG: 55/45

PLEASE NOTE: We are updating the name of our E-liquids to comply with the latest vaping regulations in New Zealand. Please note that while the packaging may appear different, the product ingredients remain unchanged.


| Lil AKL E-liquid by Lawless is a fan favourite flavour that delivers a great combination of juicy strawberries and watermelon. Treat yourself with the a delightful mouth-watering vape juice flavour, we guarantee you won't find such unique flavour anywhere else! 

Nicotine Strength: 0mg/ml - 3mg/ml - 6mg/ml - 12mg/ml

Caution: Keep out of reach of children or pets. Wash contact area thoroughly if skin, eye or mouth contact with the substance occurs. Do not swallow. If taken into the mouth, rinse mouth thoroughly. Contact 0800 POISON (0800 764 766) for advice if swallowed. Seek medical advice if you feel unwell after contact with the substance or use of this product."
lawless-lil-chilled-akl-e-liquid-120ml,E-Liquids,$60.00,"0mg/ml, 3mg/ml, 6mg/ml, 12mg/ml","Previously known as Lawless Lil Chilled AKL E-liquid.| Flavor Profile: Strawberry and Watermelon with Menthol| Size: 120ml| VG/PG: 70/30| PLEASE NOTE: We are updating the name of our E-liquids to comply with the latest vaping regulations in New Zealand. Please note that while the packaging may appear different, the product ingredients remain unchanged.| Lawless Lil Chilled AKL premium e-liquids are designed with unbeatable precision and only the best e-juice ingredients. Each of the Lil Chilled AKL e-juice bottle is subjected to a ruthless quality control process. | Nicotine Strength: 0mg/ml - 3mg/ml - 6mg/ml - 12mg/ml| Caution: Keep out of reach of children or pets. Wash contact area thoroughly if skin, eye or mouth contact with the substance occurs. Do not swallow. If taken into the mouth, rinse mouth thoroughly. Contact 0800 POISON (0800 764 766) for advice if swallowed. Seek medical advice if you feel unwell after contact with the substance or use of this product.  GET FREE SHIPPING ON ORDERS OVER $50.00.| Previously known as Lawless Lil Chilled AKL E-liquid.

Flavor Profile: Strawberry and Watermelon with Menthol

Size: 120ml

VG/PG: 70/30

PLEASE NOTE: We are updating the name of our E-liquids to comply with the latest vaping regulations in New Zealand. Please note that while the packaging may appear different, the product ingredients remain unchanged.


| Lawless Lil Chilled AKL premium e-liquids are designed with unbeatable precision and only the best e-juice ingredients. Each of the Lil Chilled AKL e-juice bottle is subjected to a ruthless quality control process. 

Nicotine Strength: 0mg/ml - 3mg/ml - 6mg/ml - 12mg/ml

Caution: Keep out of reach of children or pets. Wash contact area thoroughly if skin, eye or mouth contact with the substance occurs. Do not swallow. If taken into the mouth, rinse mouth thoroughly. Contact 0800 POISON (0800 764 766) for advice if swallowed. Seek medical advice if you feel unwell after contact with the substance or use of this product."
lawless-waiheke-wine-chilled-e-liquid-120ml,E-Liquids,$60.00,"3mg/ml, 6mg/ml, 12mg/ml","Previously known as Lawless Waiheke Wine Chilled E-Liquid.| Flavor Profile: Grape Candy, Grape Soda, Menthol| Size: 120ml| VG/PG: 70/30| | PLEASE NOTE: We are updating the name of our E-liquids to comply with the latest vaping regulations in New Zealand. Please note that while the packaging may appear different, the product ingredients remain unchanged.| | Lawless Waiheke Wine Chilled has a spectacular blend of real grape flavour with a mixture of sugary grape soda served with a hit of ice-cold menthol. This unexpected flavour combination is very refreshing, giving you a smooth throat hit with an authentic minty intensity. | Nicotine Strength: 0mg/ml - 3mg/ml - 6mg/ml - 12mg/ml| Caution: Keep out of reach of children or pets. Wash contact area thoroughly if skin, eye or mouth contact with the substance occurs. Do not swallow. If taken into the mouth, rinse mouth thoroughly. Contact 0800 POISON (0800 764 766) for advice if swallowed. Seek medical advice if you feel unwell after contact with the substance or use of this product.  GET FREE SHIPPING ON ORDERS OVER $50.00.| Previously known as Lawless Waiheke Wine Chilled E-Liquid.

Flavor Profile: Grape Candy, Grape Soda, Menthol

Size: 120ml

VG/PG: 70/30

PLEASE NOTE: We are updating the name of our E-liquids to comply with the latest vaping regulations in New Zealand. Please note that while the packaging may appear different, the product ingredients remain unchanged.


| Lawless Waiheke Wine Chilled has a spectacular blend of real grape flavour with a mixture of sugary grape soda served with a hit of ice-cold menthol. This unexpected flavour combination is very refreshing, giving you a smooth throat hit with an authentic minty intensity. 

Nicotine Strength: 0mg/ml - 3mg/ml - 6mg/ml - 12mg/ml

Caution: Keep out of reach of children or pets. Wash contact area thoroughly if skin, eye or mouth contact with the substance occurs. Do not swallow. If taken into the mouth, rinse mouth thoroughly. Contact 0800 POISON (0800 764 766) for advice if swallowed. Seek medical advice if you feel unwell after contact with the substance or use of this product."
lawless-waiheke-wine-e-liquid-120ml,E-Liquids,$60.00,"0mg/ml, 3mg/ml, 6mg/ml, 12mg/ml","Previously known as Lawless Waiheke Wine E-Liquid.| Flavor Profile: Grape Candy, Grape Soda| Size: 120ml| VG/PG: 55/45| | PLEASE NOTE: We are updating the name of our E-liquids to comply with the latest vaping regulations in New Zealand. Please note that while the packaging may appear different, the product ingredients remain unchanged.| | Waiheke Wine E-liquid from Lawless is the ultimate grape vape flavour! It offers the perfect pure juicy purpleness of grape that feels like you're biting into a sharp sweet fresh grape. Waiheke Wine E-liquid will satisfy your sugar cravings for real!| Nicotine Strength: 0mg/ml - 3mg/ml - 6mg/ml - 12mg/ml| Caution: Keep out of reach of children or pets. Wash contact area thoroughly if skin, eye or mouth contact with the substance occurs. Do not swallow. If taken into the mouth, rinse mouth thoroughly. Contact 0800 POISON (0800 764 766) for advice if swallowed. Seek medical advice if you feel unwell after contact with the substance or use of this product.  GET FREE SHIPPING ON ORDERS OVER $50.00.| Previously known as Lawless Waiheke Wine E-Liquid.

Flavor Profile: Grape Candy, Grape Soda

Size: 120ml

VG/PG: 55/45

PLEASE NOTE: We are updating the name of our E-liquids to comply with the latest vaping regulations in New Zealand. Please note that while the packaging may appear different, the product ingredients remain unchanged.


| Waiheke Wine E-liquid from Lawless is the ultimate grape vape flavour! It offers the perfect pure juicy purpleness of grape that feels like you're biting into a sharp sweet fresh grape. Waiheke Wine E-liquid will satisfy your sugar cravings for real!

Nicotine Strength: 0mg/ml - 3mg/ml - 6mg/ml - 12mg/ml

Caution: Keep out of reach of children or pets. Wash contact area thoroughly if skin, eye or mouth contact with the substance occurs. Do not swallow. If taken into the mouth, rinse mouth thoroughly. Contact 0800 POISON (0800 764 766) for advice if swallowed. Seek medical advice if you feel unwell after contact with the substance or use of this product."
vapor-world-nutty-caramel-e-liquid-60ml,E-Liquids,$30.00,"3mg/ml, 6mg/ml","Previously known as Vapor World Nutty Caramel E-liquid | Flavor Profile: Nuts, Banana| Size: 60ml| VG/PG: 50/50| A combination of ripe banana with freshly baked nuts and sugary camarel will definitely fulfil your sweet tooth! You can now vape guilt-free and not worry about the calories!| Nicotine Strength: 3mg/ml - 6mg/ml  GET FREE SHIPPING ON ORDERS OVER $50.00.| Previously known as Vapor World Nutty Caramel E-liquid 

Flavor Profile: Nuts, Banana

Size: 60ml

VG/PG: 50/50| A combination of ripe banana with freshly baked nuts and sugary camarel will definitely fulfil your sweet tooth! You can now vape guilt-free and not worry about the calories!

Nicotine Strength: 3mg/ml - 6mg/ml

Caution: Keep out of reach of children or pets. Wash contact area thoroughly if skin, eye or mouth contact with the substance occurs. Do not swallow. If taken into the mouth, rinse mouth thoroughly. Contact 0800 POISON (0800 764 766) for advice if swallowed. Seek medical advice if you feel unwell after contact with the substance or use of this product."
vapor-world-classic-tobacco-e-liquid-60ml,E-Liquids,$30.00,"3mg/ml, 6mg/ml","Previously known as Vapor World Classic Tobacco E-liquid.| Flavor Profile: Coco, Nut, Benson Flavour.| Size: 60ml| VG/PG: 50/50| Full of rich tobacco flavour and fine-tuned to mix tobacco with a pleasant caramel sensation. This is perfect for ex-smokers who wants to fulfil their cravings in vaping. | Nicotine Strength: 3mg/ml - 6mg/ml  GET FREE SHIPPING ON ORDERS OVER $50.00.| Previously known as Vapor World Classic Tobacco E-liquid.

Flavor Profile: Coco, Nut, Benson Flavour.

Size: 60ml

VG/PG: 50/50| Full of rich tobacco flavour and fine-tuned to mix tobacco with a pleasant caramel sensation. This is perfect for ex-smokers who wants to fulfil their cravings in vaping. 

Nicotine Strength: 3mg/ml - 6mg/ml

Caution: Keep out of reach of children or pets. Wash contact area thoroughly if skin, eye or mouth contact with the substance occurs. Do not swallow. If taken into the mouth, rinse mouth thoroughly. Contact 0800 POISON (0800 764 766) for advice if swallowed. Seek medical advice if you feel unwell after contact with the substance or use of this product."
salty-world-blueberry-nicotine-salt-e-liquid-30ml,E-Liquids,$25.00,"0mg/ml, 11.4mg/ml, 22.80mg/ml","Flavors Profile: Blueberry| Size: 30ml| VG/PG: 50/50| Blueberry Nicsalt e liquid by Shosha Salty World features fresh blueberries picked off the bush! A very smooth and pleasant blueberry taste that will satisfy everyone’s cravings.| | Nicotine Concentration: 0mg/ml - 11.4mg/ml - 22.80mg/ml - 28.50mg/ml| | Caution: Keep out of reach of children or pets.
Wash contact area thoroughly if skin, eye or mouth contact with the substance occurs.
Do not swallow. If taken into the mouth, rinse mouth thoroughly.
Contact 0800 POISON (0800 764 766) for advice if swallowed.
Seek medical advice if you feel unwell after contact with the substance or use of this product. GET FREE SHIPPING ON ORDERS OVER $50.00.| Flavors Profile: Blueberry

Size: 30ml

VG/PG: 50/50| Blueberry Nicsalt e liquid by Shosha Salty World features fresh blueberries picked off the bush! A very smooth and pleasant blueberry taste that will satisfy everyone’s cravings.

Nicotine Concentration: 0mg/ml - 11.4mg/ml - 22.80mg/ml - 28.50mg/ml

Caution:

Keep out of reach of children or pets.
Wash contact area thoroughly if skin, eye or mouth contact with the substance occurs.
Do not swallow. If taken into the mouth, rinse mouth thoroughly.
Contact 0800 POISON (0800 764 766) for advice if swallowed.
Seek medical advice if you feel unwell after contact with the substance or use of this product."
vapor-world-tropical-rush-e-liquid-60ml,E-Liquids,$30.00,"3mg/ml, 6mg/ml","Previously known as Vapor World Tropical Rush E-liquid.| Flavor Profile: Peach, Lemon, Mango, Cream & Strawberry| Size: 60ml| VG/PG: 50/50| This is the perfect e-liquid with a delicious blend of mangoes, peaches, lemons, cream and strawberries. Vape this on a hot summer day to cool off and relax!| Nicotine Strength: 3mg/ml - 6mg/ml  GET FREE SHIPPING ON ORDERS OVER $50.00.| Previously known as Vapor World Tropical Rush E-liquid.

Flavor Profile: Peach, Lemon, Mango, Cream & Strawberry

Size: 60ml

VG/PG: 50/50| This is the perfect e-liquid with a delicious blend of mangoes, peaches, lemons, cream and strawberries. Vape this on a hot summer day to cool off and relax!

Nicotine Strength: 3mg/ml - 6mg/ml

Caution: Keep out of reach of children or pets. Wash contact area thoroughly if skin, eye or mouth contact with the substance occurs. Do not swallow. If taken into the mouth, rinse mouth thoroughly. Contact 0800 POISON (0800 764 766) for advice if swallowed. Seek medical advice if you feel unwell after contact with the substance or use of this product."
vapor-world-vanila-caramel-e-liquid-60ml,E-Liquids,$30.00,"3mg/ml, 6mg/ml","Flavor Profile: Vanilla Cream, Caramel| Size: 60ml| VG/PG: 50/50| The sweet blend of thick vanilla and sweet caramel makes this a perfect dessert vape. Give it a try after your meal and you will for sure enjoy it! | | Nicotine Strength: 3mg/ml - 6mg/ml| | Caution: Keep out of reach of children or pets.
Wash contact area thoroughly if skin, eye or mouth contact with the substance occurs.
Do not swallow. If taken into the mouth, rinse mouth thoroughly.
Contact 0800 POISON (0800 764 766) for advice if swallowed.
Seek medical advice if you feel unwell after contact with the substance or use of this product. GET FREE SHIPPING ON ORDERS OVER $50.00.| Flavor Profile: Vanilla Cream, Caramel

Size: 60ml

VG/PG: 50/50| The sweet blend of thick vanilla and sweet caramel makes this a perfect dessert vape. Give it a try after your meal and you will for sure enjoy it! 

Nicotine Strength: 3mg/ml - 6mg/ml

Caution:

Keep out of reach of children or pets.
Wash contact area thoroughly if skin, eye or mouth contact with the substance occurs.
Do not swallow. If taken into the mouth, rinse mouth thoroughly.
Contact 0800 POISON (0800 764 766) for advice if swallowed.
Seek medical advice if you feel unwell after contact with the substance or use of this product."
salty-world-citrus-nicotine-salt-e-liquid-30ml,E-Liquids,$25.00,"0mg/ml, 22.80mg/ml, 28.50mg/ml","Flavors Profile: Citrus| Size: 30ml| VG/PG: 50/50| Citrus Nicsalt E liquid Shosha Salty World is an infusion of tangy juicy citrus fruits blended with a subtle note of sour and sweet raspberries. This luscious and stimulating taste will surely satisfy any citrus lover’s cravings, seconds won’t be enough!| | Nicotine Concentration: 0mg/ml - 11.4mg/ml - 22.80mg/ml - 28.50mg/ml| | Caution: Keep out of reach of children or pets.
Wash contact area thoroughly if skin, eye or mouth contact with the substance occurs.
Do not swallow. If taken into the mouth, rinse mouth thoroughly.
Contact 0800 POISON (0800 764 766) for advice if swallowed.
Seek medical advice if you feel unwell after contact with the substance or use of this product. GET FREE SHIPPING ON ORDERS OVER $50.00.| Flavors Profile: Citrus

Size: 30ml

VG/PG: 50/50| Citrus Nicsalt E liquid Shosha Salty World is an infusion of tangy juicy citrus fruits blended with a subtle note of sour and sweet raspberries. This luscious and stimulating taste will surely satisfy any citrus lover’s cravings, seconds won’t be enough!

Nicotine Concentration: 0mg/ml - 11.4mg/ml - 22.80mg/ml - 28.50mg/ml

Caution:

Keep out of reach of children or pets.
Wash contact area thoroughly if skin, eye or mouth contact with the substance occurs.
Do not swallow. If taken into the mouth, rinse mouth thoroughly.
Contact 0800 POISON (0800 764 766) for advice if swallowed.
Seek medical advice if you feel unwell after contact with the substance or use of this product."
salty-world-grape-nicotine-salt-e-liquid-30ml,E-Liquids,$25.00,"0mg/ml, 11.4mg/ml, 22.80mg/ml, 28.50mg/ml","Flavors Profile: Grape| Size: 30ml| VG/PG: 50/50| Grape Nicsalt E Liquid by Shosha Salty World is a grape lover’s paradise. Sugary fresh grapes and a note fragrant red wine are perfectly intermingled, creating ultimate satisfaction with every puff. | | Nicotine Concentration: 0mg/ml - 11.4mg/ml - 22.80mg/ml - 28.50mg/ml| | Caution: Keep out of reach of children or pets.
Wash contact area thoroughly if skin, eye or mouth contact with the substance occurs.
Do not swallow. If taken into the mouth, rinse mouth thoroughly.
Contact 0800 POISON (0800 764 766) for advice if swallowed.
Seek medical advice if you feel unwell after contact with the substance or use of this product. GET FREE SHIPPING ON ORDERS OVER $50.00.| Flavors Profile: Grape

Size: 30ml

VG/PG: 50/50| Grape Nicsalt E Liquid by Shosha Salty World is a grape lover’s paradise. Sugary fresh grapes and a note fragrant red wine are perfectly intermingled, creating ultimate satisfaction with every puff. 

Nicotine Concentration: 0mg/ml - 11.4mg/ml - 22.80mg/ml - 28.50mg/ml

Caution:

Keep out of reach of children or pets.
Wash contact area thoroughly if skin, eye or mouth contact with the substance occurs.
Do not swallow. If taken into the mouth, rinse mouth thoroughly.
Contact 0800 POISON (0800 764 766) for advice if swallowed.
Seek medical advice if you feel unwell after contact with the substance or use of this product."
salty-world-latte-coffee-nicotine-salt-e-liquid-30ml,E-Liquids,$25.00,"0mg/ml, 11.4mg/ml, 22.80mg/ml, 28.50mg/ml","Flavors Profile: Latte Coffee| Size: 30ml| VG/PG: 50/50| Latte Coffee Nicsalt E Liquid by Shosha Salty World kicks off your day and savours your morning with a delicious blend of raw coffee beans, milk and caramel. Each puff will leave you the true feeling that you are sipping on your favourite brew.| | Nicotine Concentration: 0mg/ml - 11.4mg/ml - 22.80mg/ml - 28.50mg/ml| | Caution: Keep out of reach of children or pets.
Wash contact area thoroughly if skin, eye or mouth contact with the substance occurs.
Do not swallow. If taken into the mouth, rinse mouth thoroughly.
Contact 0800 POISON (0800 764 766) for advice if swallowed.
Seek medical advice if you feel unwell after contact with the substance or use of this product. GET FREE SHIPPING ON ORDERS OVER $50.00.| Flavors Profile: Latte Coffee

Size: 30ml

VG/PG: 50/50| Latte Coffee Nicsalt E Liquid by Shosha Salty World kicks off your day and savours your morning with a delicious blend of raw coffee beans, milk and caramel. Each puff will leave you the true feeling that you are sipping on your favourite brew.

Nicotine Concentration: 0mg/ml - 11.4mg/ml - 22.80mg/ml - 28.50mg/ml

Caution:

Keep out of reach of children or pets.
Wash contact area thoroughly if skin, eye or mouth contact with the substance occurs.
Do not swallow. If taken into the mouth, rinse mouth thoroughly.
Contact 0800 POISON (0800 764 766) for advice if swallowed.
Seek medical advice if you feel unwell after contact with the substance or use of this product."
salty-world-mango-nicotine-salt-e-liquid-30ml,E-Liquids,$25.00,"0mg/ml, 11.4mg/ml, 22.80mg/ml, 28.50mg/ml","Flavors Profile: Mango| Size: 30ml| VG/PG: 50/50| Mango Nicsalt E liquid by Shosha Salty World takes the ripest and juiciest of mangoes and smashes them into a delectable e juice for your vaping delight. Snag a bottle today and treat your taste buds to a delicious mango island getaway! | Nicotine Concentration: 0mg/ml - 11.4mg/ml - 22.80mg/ml - 28.50mg/ml  GET FREE SHIPPING ON ORDERS OVER $50.00.| Flavors Profile: Mango

Size: 30ml

VG/PG: 50/50| Mango Nicsalt E liquid by Shosha Salty World takes the ripest and juiciest of mangoes and smashes them into a delectable e juice for your vaping delight. Snag a bottle today and treat your taste buds to a delicious mango island getaway! 

Nicotine Concentration: 0mg/ml - 11.4mg/ml - 22.80mg/ml - 28.50mg/ml

Caution: Keep out of reach of children or pets. Wash contact area thoroughly if skin, eye or mouth contact with the substance occurs. Do not swallow. If taken into the mouth, rinse mouth thoroughly. Contact 0800 POISON (0800 764 766) for advice if swallowed. Seek medical advice if you feel unwell after contact with the substance or use of this product."
salty-world-pineapple-nicotine-salt-e-liquid-30ml,E-Liquids,$25.00,"11.4mg/ml, 22.80mg/ml, 28.50mg/ml","Flavors Profile: Pineapple| Size: 30ml| VG/PG: 50/50| Pineapple Nicsalt E liquid by Shosha Salty World is the ultimate island fruity treat. The pure and tangy taste of ripe juicy pineapple slices will cheer you up right away!| | Nicotine Concentration: 0mg/ml - 11.4mg/ml - 22.80mg/ml - 28.50mg/ml| | Caution: Keep out of reach of children or pets.
Wash contact area thoroughly if skin, eye or mouth contact with the substance occurs.
Do not swallow. If taken into the mouth, rinse mouth thoroughly.
Contact 0800 POISON (0800 764 766) for advice if swallowed.
Seek medical advice if you feel unwell after contact with the substance or use of this product. GET FREE SHIPPING ON ORDERS OVER $50.00.| Flavors Profile: Pineapple

Size: 30ml

VG/PG: 50/50| Pineapple Nicsalt E liquid by Shosha Salty World is the ultimate island fruity treat. The pure and tangy taste of ripe juicy pineapple slices will cheer you up right away!

Nicotine Concentration: 0mg/ml - 11.4mg/ml - 22.80mg/ml - 28.50mg/ml

Caution:

Keep out of reach of children or pets.
Wash contact area thoroughly if skin, eye or mouth contact with the substance occurs.
Do not swallow. If taken into the mouth, rinse mouth thoroughly.
Contact 0800 POISON (0800 764 766) for advice if swallowed.
Seek medical advice if you feel unwell after contact with the substance or use of this product."
salty-world-strawberry-nicotine-salt-e-liquid-30ml,E-Liquids,$25.00,"0mg/ml, 11.4mg/ml, 22.80mg/ml, 28.50mg/ml","Flavors Profile: Strawberry| Size: 30ml| VG/PG: 50/50| Strawberry Nicsalt E liquid by Shosha Salty World is an authentic intense strawberry salt nicotine flavour that’s ideal for vapers who love clean fruity tastes. Every hit is like biting into an outstandingly ripe strawberry fresh from the vine!| | Nicotine Concentration: 0mg/ml - 11.4mg/ml - 22.80mg/ml - 28.50mg/ml| | Caution: Keep out of reach of children or pets.
Wash contact area thoroughly if skin, eye or mouth contact with the substance occurs.
Do not swallow. If taken into the mouth, rinse mouth thoroughly.
Contact 0800 POISON (0800 764 766) for advice if swallowed.
Seek medical advice if you feel unwell after contact with the substance or use of this product. GET FREE SHIPPING ON ORDERS OVER $50.00.| Flavors Profile: Strawberry

Size: 30ml

VG/PG: 50/50| Strawberry Nicsalt E liquid by Shosha Salty World is an authentic intense strawberry salt nicotine flavour that’s ideal for vapers who love clean fruity tastes. Every hit is like biting into an outstandingly ripe strawberry fresh from the vine!

Nicotine Concentration: 0mg/ml - 11.4mg/ml - 22.80mg/ml - 28.50mg/ml

Caution:

Keep out of reach of children or pets.
Wash contact area thoroughly if skin, eye or mouth contact with the substance occurs.
Do not swallow. If taken into the mouth, rinse mouth thoroughly.
Contact 0800 POISON (0800 764 766) for advice if swallowed.
Seek medical advice if you feel unwell after contact with the substance or use of this product."
salty-world-tobacco-nicotine-salt-e-liquid-30ml,E-Liquids,$25.00,"0mg/ml, 11.4mg/ml, 22.80mg/ml, 28.50mg/ml","Flavors Profile: Tobacco| Size: 30ml| VG/PG: 50/50| Tobacco Nicsalt E liquid by Shosha Salty World brings a deep and full-bodied tobacco flavour with smooth and bold delivery to your taste buds. While it's not made with actual tobacco, this e-liquid is the closest you'll get to the real thing!| | Nicotine Concentration: 0mg/ml - 11.4mg/ml - 22.80mg/ml - 28.50mg/ml| | Caution: Keep out of reach of children or pets.
Wash contact area thoroughly if skin, eye or mouth contact with the substance occurs.
Do not swallow. If taken into the mouth, rinse mouth thoroughly.
Contact 0800 POISON (0800 764 766) for advice if swallowed.
Seek medical advice if you feel unwell after contact with the substance or use of this product. GET FREE SHIPPING ON ORDERS OVER $50.00.| Flavors Profile: Tobacco

Size: 30ml

VG/PG: 50/50| Tobacco Nicsalt E liquid by Shosha Salty World brings a deep and full-bodied tobacco flavour with smooth and bold delivery to your taste buds. While it's not made with actual tobacco, this e-liquid is the closest you'll get to the real thing!

Nicotine Concentration: 0mg/ml - 11.4mg/ml - 22.80mg/ml - 28.50mg/ml

Caution:

Keep out of reach of children or pets.
Wash contact area thoroughly if skin, eye or mouth contact with the substance occurs.
Do not swallow. If taken into the mouth, rinse mouth thoroughly.
Contact 0800 POISON (0800 764 766) for advice if swallowed.
Seek medical advice if you feel unwell after contact with the substance or use of this product."
salty-pulse-bar-watermelon-peach-ice-disposable-vape,Vape Devices,"$34.99
$24.99",,"Previously known as Salty Pulse Bar Watermelon Peach Ice Disposable Vape.| Meet the Salty Pulse Bar Disposable Vape, your ticket to 4500 puffs of satisfaction. This lightweight device is filled with 35mg/mL E-liquid, and it's all about the delightful Watermelon Peach Ice flavor. Explore a world of flavor right here!| NOTE: This product has Child Safety Mechanism, which is complied with the New regulations under the Smokefree Environments and Regulated Products Act 1990| Flavours: Watermelon Peach Ice| The ultimate hydrator: Enjoy the succulent sweetness of watermelon, sun-ripened melons, and sweet peaches, crowned with a refreshing layer of ice.| Specifications:| Includes: Puffs: up to 4500
VG/PG: 40/60
Capacity: 8ml
Dimension: 22.4*22.4*66.6mm
Battery Capacity: 600mAh
Resistance: Mesh coil 1.0ohm
Nicotine Concentration: 19.95mg/mL (Nicotine salt strength 35mg/mL)
Type-C Charger| 1x Salty Pulse Bar Battery
1x Salty Pulse Bar Pod GET FREE SHIPPING ON ORDERS OVER $50.00.| Previously known as Salty Pulse Bar Watermelon Peach Ice Disposable Vape.

Meet the Salty Pulse Bar Disposable Vape, your ticket to 4500 puffs of satisfaction. This lightweight device is filled with 35mg/mL E-liquid, and it's all about the delightful Watermelon Peach Ice flavor. Explore a world of flavor right here!

NOTE: This product has Child Safety Mechanism, which is complied with the New regulations under the Smokefree Environments and Regulated Products Act 1990

Flavours: Watermelon Peach Ice

The ultimate hydrator: Enjoy the succulent sweetness of watermelon, sun-ripened melons, and sweet peaches, crowned with a refreshing layer of ice.

Specifications:

Puffs: up to 4500
VG/PG: 40/60
Capacity: 8ml
Dimension: 22.4*22.4*66.6mm
Battery Capacity: 600mAh
Resistance: Mesh coil 1.0ohm
Nicotine Concentration: 19.95mg/mL (Nicotine salt strength 35mg/mL)
Type-C Charger

Includes:

1x Salty Pulse Bar Battery
1x Salty Pulse Bar Pod| "
